Content,Image
This is some content for the blog,Roses
This is some content for the blog,Roses
This is some content for the blog,Roses
This is some content for the blog,Roses
This is some content for the blog,Roses
This is some content for the blog,Roses
This is some content for the blog,Roses
This is some content for the blog,Roses
This is some content for the blog,Roses
This is some content for the blog,Roses
This is some content for the blog,Roses
This is some content for the blog,Roses
This is some content for the blog,Roses
This is some content for the blog,Roses
This is some content for the blog,Roses
This is some content for the blog,Roses
This is some content for the blog,Roses
This is some content for the blog,Roses
This is some content for the blog,Roses
This is some content for the blog,Roses
This is some content for the blog,Roses
